1,the,NULL,
2,and,NULL,
3,of,NULL,
4,a,NULL,
5,to,NULL,
6,in,NULL,
7,is,NULL,
8,you,NULL,
9,that,NULL,
10,it,NULL,
11,he,NULL,
12,was,NULL,
13,for,NULL,
14,on,NULL,
15,are,NULL,
16,as,NULL,
17,with,NULL,
18,his,NULL,
19,they,NULL,
20,I,NULL,
21,at,NULL,
22,be,NULL,
23,this,NULL,
24,have,NULL,
25,from,NULL,
26,or,NULL,
27,one,NULL,
28,had,NULL,
29,by,NULL,
30,word,NULL,
31,but,NULL,
32,not,NULL,
33,what,NULL,
34,all,NULL,
35,were,NULL,
36,we,NULL,
37,when,NULL,
38,your,NULL,
39,can,NULL,
40,said,NULL,
41,there,NULL,
42,use,NULL,
43,an,NULL,
44,each,NULL,
45,which,NULL,
46,she,NULL,
47,do,NULL,
48,how,NULL,
49,their,NULL,
50,if,NULL,
51,will,NULL,
52,up,NULL,
53,other,NULL,
54,about,NULL,
55,then,NULL,
56,them,NULL,
57,these,NULL,
58,so,NULL,
59,some,NULL,
60,her,NULL,
61,would,NULL,
62,make,NULL,
63,like,NULL,
64,him,NULL,
65,into,NULL,
66,time,NULL,
67,has,NULL,
68,look,NULL,
69,two,NULL,
70,more,NULL,
71,write,NULL,
72,go,NULL,
73,see,NULL,
74,number,NULL,
75,no,NULL,
76,way,NULL,
77,could,NULL,
78,people,NULL,
79,my,NULL,
80,than,NULL,
81,first,NULL,
82,water,NULL,
83,been,NULL,
84,call,NULL,
85,who,NULL,
86,oil,NULL,
87,its,NULL,
88,now,NULL,
89,find,NULL,
90,long,NULL,
91,down,NULL,
92,day,NULL,
93,did,NULL,
94,get,NULL,
95,come,NULL,
96,made,NULL,
97,may,NULL,
98,out,NULL,
99,many,NULL,
100,part,NULL